module,source_table_id,source_table_name,source_field_id,source_field_name,source_field_type,target_schema,target_table,target_column,transform_hint,linked_table_id
flooring,tbl7D4VpTqdeXowww,Management Company,fldbCND0Vz1DQOqjQ,Management Company,singleLineText,flooring,management_company,management_company,direct_or_type_cast,
flooring,tbl7D4VpTqdeXowww,Management Company,fldJYyV2t7d3TjQ3N,Address,formula,flooring,management_company,address,derive_in_view_or_service,
flooring,tbl7D4VpTqdeXowww,Management Company,fldJMqhYcvuNOZd4b,Street Address,singleLineText,flooring,management_company,street_address,direct_or_type_cast,
flooring,tbl7D4VpTqdeXowww,Management Company,fldEQosgSn5A4XYhX,City,singleLineText,flooring,management_company,city,direct_or_type_cast,
flooring,tbl7D4VpTqdeXowww,Management Company,fldr15xKY4haFvWvF,State,singleLineText,flooring,management_company,state,direct_or_type_cast,
flooring,tbl7D4VpTqdeXowww,Management Company,fld4qyDZeyrv1TdZo,Zip,singleLineText,flooring,management_company,zip,direct_or_type_cast,
flooring,tbl7D4VpTqdeXowww,Management Company,fldy9ryZJcCXmKs1B,Phone,phoneNumber,flooring,management_company,phone,direct_or_type_cast,
flooring,tbl7D4VpTqdeXowww,Management Company,fldV883IzZJtuo9vB,Email,email,flooring,management_company,email,direct_or_type_cast,
flooring,tbl7D4VpTqdeXowww,Management Company,fldDxky6hzkZtcXld,Properties,multipleRecordLinks,flooring,management_company,properties,foreign_key_or_junction_table,tblVxogFcQFfXX4K4
flooring,tblVxogFcQFfXX4K4,Properties,fldOTyGu7g2c32X1l,Property Name,singleLineText,core,property,property_name,direct_or_type_cast,
flooring,tblVxogFcQFfXX4K4,Properties,fldaczoAHE6W3l7dL,Address,formula,core,property,address,derive_in_view_or_service,
flooring,tblVxogFcQFfXX4K4,Properties,fldKP9VH2FU95R4tk,Street Address,singleLineText,core,property,street_address,direct_or_type_cast,
flooring,tblVxogFcQFfXX4K4,Properties,fldxSH2dS61xOvC6R,City,singleLineText,core,property,city,direct_or_type_cast,
flooring,tblVxogFcQFfXX4K4,Properties,fld6EjhcnDfUsIXyd,State,singleLineText,core,property,state,direct_or_type_cast,
flooring,tblVxogFcQFfXX4K4,Properties,fldU5UO3dChrTM0y4,Zip,singleLineText,core,property,zip,direct_or_type_cast,
flooring,tblVxogFcQFfXX4K4,Properties,fldLX2z4PakIqGfCz,Phone,phoneNumber,core,property,phone,direct_or_type_cast,
flooring,tblVxogFcQFfXX4K4,Properties,fldsLIfIj2JNJ0sYx,Email,email,core,property,email,direct_or_type_cast,
flooring,tblVxogFcQFfXX4K4,Properties,fldj9cbHhInjK36UH,Management Company,multipleRecordLinks,core,property,management_company,foreign_key_or_junction_table,tbl7D4VpTqdeXowww
flooring,tblVxogFcQFfXX4K4,Properties,fld0r8tpEevsLGPOk,Templates,multipleRecordLinks,core,property,templates,foreign_key_or_junction_table,tblXFEvDa0zDXxsXA
flooring,tblVxogFcQFfXX4K4,Properties,flduRCtaSLQn1EFcs,Work Orders,multipleRecordLinks,core,property,work_orders,foreign_key_or_junction_table,tblX45JvoWzD7UVqi
flooring,tblVxogFcQFfXX4K4,Properties,flde4C2fQzaJiqZBK,Management Company Formula,formula,core,property,management_company_formula,derive_in_view_or_service,
flooring,tblXFEvDa0zDXxsXA,Templates,fldY79HUcoq5DkHHH,Template Tag,singleLineText,flooring,template,template_tag,direct_or_type_cast,
flooring,tblXFEvDa0zDXxsXA,Templates,fldmuYHP5QYdo90QY,Template Label,formula,flooring,template,template_label,derive_in_view_or_service,
flooring,tblXFEvDa0zDXxsXA,Templates,fldxxwLzSsYLwWPZc,Store,singleSelect,flooring,template,store,direct_or_type_cast,
flooring,tblXFEvDa0zDXxsXA,Templates,fldSlHZFu3kmiXllx,Instructions,singleLineText,flooring,template,instructions,direct_or_type_cast,
flooring,tblXFEvDa0zDXxsXA,Templates,fldYFoc0z45sjaBCI,Pad Type,multipleRecordLinks,flooring,template,pad_type,foreign_key_or_junction_table,tblAnYCVTjv9FgJi5
flooring,tblXFEvDa0zDXxsXA,Templates,fldhBkzwijlWK0RaG,Items,multipleRecordLinks,flooring,template,items,foreign_key_or_junction_table,tblP6kPtjv2G8yDp4
flooring,tblXFEvDa0zDXxsXA,Templates,fldsyT6xr9VgvbJXA,Property,multipleRecordLinks,flooring,template,property,foreign_key_or_junction_table,tblVxogFcQFfXX4K4
flooring,tblXFEvDa0zDXxsXA,Templates,fldoxMaB0wMJfe5Pm,Template Notes,multilineText,flooring,template,template_notes,direct_or_type_cast,
flooring,tblXFEvDa0zDXxsXA,Templates,fldtk9zCUkt5Xwy2y,Template,formula,flooring,template,template,derive_in_view_or_service,
flooring,tblXFEvDa0zDXxsXA,Templates,fld5OGurHl2st6jqd,Template Record ID,formula,flooring,template,template_record_id,derive_in_view_or_service,
flooring,tblXFEvDa0zDXxsXA,Templates,fldMO3ADZGwW9QgpO,Management Company,multipleLookupValues,flooring,template,management_company,join_lookup_not_persisted,
flooring,tblXFEvDa0zDXxsXA,Templates,fldxdj5h5XjxHeEu6,Work Orders,multipleRecordLinks,flooring,template,work_orders,foreign_key_or_junction_table,tblX45JvoWzD7UVqi
flooring,tblXFEvDa0zDXxsXA,Templates,fld7SHtlSUkXcHyvW,Item Info,rollup,flooring,template,item_info,aggregate_view_or_materialized_view,
flooring,tblP6kPtjv2G8yDp4,Template Items,fldw9ZAgRXkYzNDV5,Template Items,formula,flooring,template_item,template_items,derive_in_view_or_service,
flooring,tblP6kPtjv2G8yDp4,Template Items,fldYjLIemcGrWOPg7,Template Record ID,multipleLookupValues,flooring,template_item,template_record_id,join_lookup_not_persisted,
flooring,tblP6kPtjv2G8yDp4,Template Items,fldHu6bh6eDWIk2ZT,Items,multipleRecordLinks,flooring,template_item,items,foreign_key_or_junction_table,tblAnYCVTjv9FgJi5
flooring,tblP6kPtjv2G8yDp4,Template Items,fldH7B3OKckjBDgda,Quantity,number,flooring,template_item,quantity,direct_or_type_cast,
flooring,tblP6kPtjv2G8yDp4,Template Items,fldHyycl42NUg6UvW,Send Unit,rollup,flooring,template_item,send_unit,aggregate_view_or_materialized_view,
flooring,tblP6kPtjv2G8yDp4,Template Items,fldidekNP7eYh8wdV,Notes,singleLineText,flooring,template_item,notes,direct_or_type_cast,
flooring,tblP6kPtjv2G8yDp4,Template Items,fldAmia0tqMlxtrMi,Stored Dye Lots,multipleSelects,flooring,template_item,stored_dye_lots,direct_or_type_cast,
flooring,tblP6kPtjv2G8yDp4,Template Items,fld4tq9vLkwvtS2ej,Template,multipleRecordLinks,flooring,template_item,template,foreign_key_or_junction_table,tblXFEvDa0zDXxsXA
flooring,tblP6kPtjv2G8yDp4,Template Items,fld8tv3OEGYLspLZg,Item Info,formula,flooring,template_item,item_info,derive_in_view_or_service,
flooring,tblP6kPtjv2G8yDp4,Template Items,fldTJPA1GBz3u4Y1T,Template Item Record ID,formula,flooring,template_item,template_item_record_id,derive_in_view_or_service,
flooring,tblP6kPtjv2G8yDp4,Template Items,fldvTfTgDxd1XtoKm,Category,multipleLookupValues,flooring,template_item,category,join_lookup_not_persisted,
flooring,tblP6kPtjv2G8yDp4,Template Items,fld6Fb6rBpWTp7FeS,Template Formula,formula,flooring,template_item,template_formula,derive_in_view_or_service,
flooring,tblP6kPtjv2G8yDp4,Template Items,fldpHxaCgpFB2zjjQ,Template Notes,multipleLookupValues,flooring,template_item,template_notes,join_lookup_not_persisted,
flooring,tblP6kPtjv2G8yDp4,Template Items,fldFNzsCPzqJQTHio,Instructions,multipleLookupValues,flooring,template_item,instructions,join_lookup_not_persisted,
flooring,tblP6kPtjv2G8yDp4,Template Items,fldHa8TSgdOqrsbL5,Pad Type,multipleLookupValues,flooring,template_item,pad_type,join_lookup_not_persisted,
flooring,tblX45JvoWzD7UVqi,Work Orders,fldkm8mQ6TnlzEURi,Work Order,formula,flooring,work_order,work_order,derive_in_view_or_service,
flooring,tblX45JvoWzD7UVqi,Work Orders,fldxiTvdoJdBfYc1M,Store,multipleRecordLinks,flooring,work_order,store,foreign_key_or_junction_table,tblbIfpiuk2diTv3n
flooring,tblX45JvoWzD7UVqi,Work Orders,fldAv6MnWWZQqjlD6,Export Location,formula,flooring,work_order,export_location,derive_in_view_or_service,
flooring,tblX45JvoWzD7UVqi,Work Orders,fldHFspvJAjqAAQ4z,Warehouse,formula,flooring,work_order,warehouse,derive_in_view_or_service,
flooring,tblX45JvoWzD7UVqi,Work Orders,fldNQiDfdbdgx8yGU,Status,singleSelect,flooring,work_order,status,direct_or_type_cast,
flooring,tblX45JvoWzD7UVqi,Work Orders,fld59O0tS0Cp99n2V,Change Order Status,formula,flooring,work_order,change_order_status,derive_in_view_or_service,
flooring,tblX45JvoWzD7UVqi,Work Orders,fldCMlRdeUxKTIEqh,Property,multipleRecordLinks,flooring,work_order,property,foreign_key_or_junction_table,tblVxogFcQFfXX4K4
flooring,tblX45JvoWzD7UVqi,Work Orders,fldliWEqp1ldIdFnR,Custom Address,multilineText,flooring,work_order,custom_address,direct_or_type_cast,
flooring,tblX45JvoWzD7UVqi,Work Orders,fldbmlP0BL0t0Ii3B,Address,formula,flooring,work_order,address,derive_in_view_or_service,
flooring,tblX45JvoWzD7UVqi,Work Orders,fld4jaHqqOaox8doW,Unit,singleLineText,flooring,work_order,unit,direct_or_type_cast,
flooring,tblX45JvoWzD7UVqi,Work Orders,flda8gN3BxiqStpLI,Instructions,singleLineText,flooring,work_order,instructions,direct_or_type_cast,
flooring,tblX45JvoWzD7UVqi,Work Orders,fldrAxihw9V9R8C1n,Date,date,flooring,work_order,date,direct_or_type_cast,
flooring,tblX45JvoWzD7UVqi,Work Orders,fldxmLlthXgMVS3cj,Unit Type,multipleRecordLinks,flooring,work_order,unit_type,foreign_key_or_junction_table,tblXFEvDa0zDXxsXA
flooring,tblX45JvoWzD7UVqi,Work Orders,fldaatWZzv7qWNtA9,Work Order Items,multipleRecordLinks,flooring,work_order,work_order_items,foreign_key_or_junction_table,tblnryUMDVdMOlS4j
flooring,tblX45JvoWzD7UVqi,Work Orders,fldQkDFDcIi0RIn3p,Vacancy,singleSelect,flooring,work_order,vacancy,direct_or_type_cast,
flooring,tblX45JvoWzD7UVqi,Work Orders,fld1RXumpRyU2MNiT,Template Notes,multilineText,flooring,work_order,template_notes,direct_or_type_cast,
flooring,tblX45JvoWzD7UVqi,Work Orders,fldwiGl8gB7WCxCKg,Order Label,formula,flooring,work_order,order_label,derive_in_view_or_service,
flooring,tblX45JvoWzD7UVqi,Work Orders,fldBTPR4JmZ3MfYX0,Inventory Logs,multipleRecordLinks,flooring,work_order,inventory_logs,foreign_key_or_junction_table,tbllcrLsXg5KvdQwK
flooring,tblX45JvoWzD7UVqi,Work Orders,fldacIWOhZx5oihI4,Inventory Log,multilineText,flooring,work_order,inventory_log,direct_or_type_cast,
flooring,tblX45JvoWzD7UVqi,Work Orders,fldEHnUk7p2oIAgSS,Last Modified,lastModifiedTime,flooring,work_order,last_modified,direct_or_type_cast,
flooring,tblX45JvoWzD7UVqi,Work Orders,fld4CeS6bRQMBXYes,Google Drive Order Slip,url,flooring,work_order,google_drive_order_slip,direct_or_type_cast,
flooring,tblX45JvoWzD7UVqi,Work Orders,fldtGsiT39112t15Z,Google Doc URL,url,flooring,work_order,google_doc_url,direct_or_type_cast,
flooring,tblX45JvoWzD7UVqi,Work Orders,fldgXTNGQers9Ezzy,Auto Number,autoNumber,flooring,work_order,auto_number,direct_or_type_cast,
flooring,tblX45JvoWzD7UVqi,Work Orders,flddHTHQI8SV1J8cQ,Property Formula,formula,flooring,work_order,property_formula,derive_in_view_or_service,
flooring,tblX45JvoWzD7UVqi,Work Orders,fldlvUh7ReAL3PzBb,Management Company,multipleLookupValues,flooring,work_order,management_company,join_lookup_not_persisted,
flooring,tblX45JvoWzD7UVqi,Work Orders,flddY0045xLCNg48W,Property Address,multipleLookupValues,flooring,work_order,property_address,join_lookup_not_persisted,
flooring,tblX45JvoWzD7UVqi,Work Orders,fld2kFCA12ExR1hSk,Unit Type Record ID,multipleLookupValues,flooring,work_order,unit_type_record_id,join_lookup_not_persisted,
flooring,tblX45JvoWzD7UVqi,Work Orders,fldNGqqQ1lfdlF5pn,Work Order Record ID,formula,flooring,work_order,work_order_record_id,derive_in_view_or_service,
flooring,tblX45JvoWzD7UVqi,Work Orders,fldE1Izup3ugr0IsO,Pull Template Info,singleSelect,flooring,work_order,pull_template_info,direct_or_type_cast,
flooring,tblX45JvoWzD7UVqi,Work Orders,fldBnky4H6Xlh7tWF,Categories,multipleLookupValues,flooring,work_order,categories,join_lookup_not_persisted,
flooring,tblX45JvoWzD7UVqi,Work Orders,fldVxADydhlsN2P5r,Item Info,rollup,flooring,work_order,item_info,aggregate_view_or_materialized_view,
flooring,tblX45JvoWzD7UVqi,Work Orders,fldEP8Uygqh90Utpt,Template Tag,multipleLookupValues,flooring,work_order,template_tag,join_lookup_not_persisted,
flooring,tblX45JvoWzD7UVqi,Work Orders,fldBxujHbrqOOHOA9,Change Order Status Lookup,multipleLookupValues,flooring,work_order,change_order_status_lookup,join_lookup_not_persisted,
flooring,tblnryUMDVdMOlS4j,Work Order Items,fldJL58MuSGdcDs8O,Product Formula,formula,flooring,work_order_item,product_formula,derive_in_view_or_service,
flooring,tblnryUMDVdMOlS4j,Work Order Items,fldksgxQzrAsEsJb3,Product Category,multipleLookupValues,flooring,work_order_item,product_category,join_lookup_not_persisted,
flooring,tblnryUMDVdMOlS4j,Work Order Items,fldeg2qZ71oOn1w5l,Products,multipleRecordLinks,flooring,work_order_item,products,foreign_key_or_junction_table,tblAnYCVTjv9FgJi5
flooring,tblnryUMDVdMOlS4j,Work Order Items,fldQtHluFYbzZarpr,Quantity,number,flooring,work_order_item,quantity,direct_or_type_cast,
flooring,tblnryUMDVdMOlS4j,Work Order Items,fldTwcICkQfgNRjNi,Send Unit,multipleLookupValues,flooring,work_order_item,send_unit,join_lookup_not_persisted,
flooring,tblnryUMDVdMOlS4j,Work Order Items,fldYO4W1pHRdIZOFp,Item Identifier,multipleRecordLinks,flooring,work_order_item,item_identifier,foreign_key_or_junction_table,tbl1MOTiINbzauJgI
flooring,tblnryUMDVdMOlS4j,Work Order Items,fldvtwv4xCuby8FW6,Item Identifier (2),multipleRecordLinks,flooring,work_order_item,item_identifier_2,foreign_key_or_junction_table,tbl1MOTiINbzauJgI
flooring,tblnryUMDVdMOlS4j,Work Order Items,fldmQhpuX99Q1GRtL,Item Identifier (3),multipleRecordLinks,flooring,work_order_item,item_identifier_3,foreign_key_or_junction_table,tbl1MOTiINbzauJgI
flooring,tblnryUMDVdMOlS4j,Work Order Items,fldlhNiFtjq4McdQ1,Item # Lookup,multipleLookupValues,flooring,work_order_item,item_lookup,join_lookup_not_persisted,
flooring,tblnryUMDVdMOlS4j,Work Order Items,fldT2cVlD3Qmabcg9,Item # Lookup (2),multipleLookupValues,flooring,work_order_item,item_lookup_2,join_lookup_not_persisted,
flooring,tblnryUMDVdMOlS4j,Work Order Items,fldQXFVRqrhCJPqDi,Item # Lookup (3),multipleLookupValues,flooring,work_order_item,item_lookup_3,join_lookup_not_persisted,
flooring,tblnryUMDVdMOlS4j,Work Order Items,fldFlaWU4yHMxZVom,Unique Item ID Lookup,multipleLookupValues,flooring,work_order_item,unique_item_id_lookup,join_lookup_not_persisted,
flooring,tblnryUMDVdMOlS4j,Work Order Items,fldAZfQJSIvocenmF,Unique Item ID Lookup (2),multipleLookupValues,flooring,work_order_item,unique_item_id_lookup_2,join_lookup_not_persisted,
flooring,tblnryUMDVdMOlS4j,Work Order Items,fld8gr8n0jtr3RuLi,Unique Item ID Lookup (3),multipleLookupValues,flooring,work_order_item,unique_item_id_lookup_3,join_lookup_not_persisted,
flooring,tblnryUMDVdMOlS4j,Work Order Items,fldCZeO1aDeTV9qY9,Notes,singleLineText,flooring,work_order_item,notes,direct_or_type_cast,
flooring,tblnryUMDVdMOlS4j,Work Order Items,fldKjpe0Rs8FRGpIp,Darby Stock Level,multipleLookupValues,flooring,work_order_item,darby_stock_level,join_lookup_not_persisted,
flooring,tblnryUMDVdMOlS4j,Work Order Items,fldQORPltMOnMzFDw,Columbia Stock Level,multipleLookupValues,flooring,work_order_item,columbia_stock_level,join_lookup_not_persisted,
flooring,tblnryUMDVdMOlS4j,Work Order Items,fld3HtE3PKrVNlenH,Work Order Formula,formula,flooring,work_order_item,work_order_formula,derive_in_view_or_service,
flooring,tblnryUMDVdMOlS4j,Work Order Items,fld3OH8g5poKoQ9n7,Work Order,multipleRecordLinks,flooring,work_order_item,work_order,foreign_key_or_junction_table,tblX45JvoWzD7UVqi
flooring,tblnryUMDVdMOlS4j,Work Order Items,fldhdxpim6RGhfGRy,Item Info,formula,flooring,work_order_item,item_info,derive_in_view_or_service,
flooring,tblnryUMDVdMOlS4j,Work Order Items,fldRVptEJgpKtRrCm,Store,multipleLookupValues,flooring,work_order_item,store,join_lookup_not_persisted,
flooring,tblnryUMDVdMOlS4j,Work Order Items,fldE3Lv3GmEBd2XBB,Darby Send Quantity,formula,flooring,work_order_item,darby_send_quantity,derive_in_view_or_service,
flooring,tblnryUMDVdMOlS4j,Work Order Items,fld9eJWxeN8TtDcMb,Columbia Send Quantity,formula,flooring,work_order_item,columbia_send_quantity,derive_in_view_or_service,
flooring,tblnryUMDVdMOlS4j,Work Order Items,fldzndIuptQJlTk7W,Product Record ID,multipleLookupValues,flooring,work_order_item,product_record_id,join_lookup_not_persisted,
flooring,tblnryUMDVdMOlS4j,Work Order Items,fldEeWtZPSl5UlCqS,Warehouse,formula,flooring,work_order_item,warehouse,derive_in_view_or_service,
flooring,tblnryUMDVdMOlS4j,Work Order Items,fldo5Gwee4xaY0bGm,Order Status,multipleLookupValues,flooring,work_order_item,order_status,join_lookup_not_persisted,
flooring,tblnryUMDVdMOlS4j,Work Order Items,fldOb3HdGZ6PLwaox,Order Item Tag,formula,flooring,work_order_item,order_item_tag,derive_in_view_or_service,
flooring,tblnryUMDVdMOlS4j,Work Order Items,fld8L6dCxe7MP86bY,Change Order Status,singleSelect,flooring,work_order_item,change_order_status,direct_or_type_cast,
flooring,tblbTx2VLWCSpVrF6,Categories,fldVcHrwocYD0plfh,Category,singleLineText,flooring,category,category,direct_or_type_cast,
flooring,tblbTx2VLWCSpVrF6,Categories,fldlp7Mr1qAa0W4Gw,Cateogry Code,autoNumber,flooring,category,cateogry_code,direct_or_type_cast,
flooring,tblbTx2VLWCSpVrF6,Categories,fldcSgfvPPoh7co6R,Send Unit,singleLineText,flooring,category,send_unit,direct_or_type_cast,
flooring,tblbTx2VLWCSpVrF6,Categories,fldYy7dkfvgrb5U7U,Stock Unit,singleLineText,flooring,category,stock_unit,direct_or_type_cast,
flooring,tblbTx2VLWCSpVrF6,Categories,fldMkkyiNgoRBGqV0,Coverage Available Unit,singleLineText,flooring,category,coverage_available_unit,direct_or_type_cast,
flooring,tblbTx2VLWCSpVrF6,Categories,fldI9jjn4VzXfM9mB,Item Coverage Unit,singleLineText,flooring,category,item_coverage_unit,direct_or_type_cast,
flooring,tblbTx2VLWCSpVrF6,Categories,fldi6Rbg3gVqL4H1w,Record id,formula,flooring,category,record_id,derive_in_view_or_service,
flooring,tblbTx2VLWCSpVrF6,Categories,fldg1ZQKOj1touaE2,Products,multipleRecordLinks,flooring,category,products,foreign_key_or_junction_table,tblAnYCVTjv9FgJi5
flooring,tblbTx2VLWCSpVrF6,Categories,fldyRrUpXxTu1p8z7,Manufacturers,multipleRecordLinks,flooring,category,manufacturers,foreign_key_or_junction_table,tbl3DhaeYlsMl98D8
flooring,tblbTx2VLWCSpVrF6,Categories,fldi1jsMsO6Sq6uQx,Styles,multipleRecordLinks,flooring,category,styles,foreign_key_or_junction_table,tblOsEZeXqMyeClNl
flooring,tblbTx2VLWCSpVrF6,Categories,fldva9U3G9zurgbvH,Widths,multipleRecordLinks,flooring,category,widths,foreign_key_or_junction_table,tbl2dV1l45FU8Rr6E
flooring,tblbTx2VLWCSpVrF6,Categories,fldjpWqyvaykt1KAo,Sheet Size,multipleRecordLinks,flooring,category,sheet_size,foreign_key_or_junction_table,tblrZ180WZJtRvKzt
flooring,tblbTx2VLWCSpVrF6,Categories,fldZt0GPExyUTgDMz,Thicknesses,multipleRecordLinks,flooring,category,thicknesses,foreign_key_or_junction_table,tblPgp8LacyaiYkbu
flooring,tblbTx2VLWCSpVrF6,Categories,fldaPrpbvNCKIuNOv,Unit Weight,multipleRecordLinks,flooring,category,unit_weight,foreign_key_or_junction_table,tbls3JauajglJU1WW
flooring,tblAnYCVTjv9FgJi5,Products,fldkG81wwzRUgKDSg,Product Name,formula,flooring,product,product_name,derive_in_view_or_service,
flooring,tblAnYCVTjv9FgJi5,Products,fldWaFBFQumsrLcVg,Base Color,singleSelect,flooring,product,base_color,direct_or_type_cast,
flooring,tblAnYCVTjv9FgJi5,Products,fldKFUGSqSLyBaY5w,Send Unit,multipleLookupValues,flooring,product,send_unit,join_lookup_not_persisted,
flooring,tblAnYCVTjv9FgJi5,Products,fldz6uEwrBm7OqaxG,Coverage Per Unit,number,flooring,product,coverage_per_unit,direct_or_type_cast,
flooring,tblAnYCVTjv9FgJi5,Products,fldp9S4vCarFUdiQT,Coverage Unit,multipleLookupValues,flooring,product,coverage_unit,join_lookup_not_persisted,
flooring,tblAnYCVTjv9FgJi5,Products,fldQaXuzov2F7dbur,Category,multipleRecordLinks,flooring,product,category,foreign_key_or_junction_table,tblbTx2VLWCSpVrF6
flooring,tblAnYCVTjv9FgJi5,Products,fldP4ALTTcPfZJ0iW,Manufacturer,multipleRecordLinks,flooring,product,manufacturer,foreign_key_or_junction_table,tbl3DhaeYlsMl98D8
flooring,tblAnYCVTjv9FgJi5,Products,fldgEFKYkxV5grfyt,Style,multipleRecordLinks,flooring,product,style,foreign_key_or_junction_table,tblOsEZeXqMyeClNl
flooring,tblAnYCVTjv9FgJi5,Products,fld4oqPfYVHYUVkgX,Color,multipleRecordLinks,flooring,product,color,foreign_key_or_junction_table,tblZTlYg3IwMIRnXu
flooring,tblAnYCVTjv9FgJi5,Products,fldfQki1RL253YRjk,Width,multipleRecordLinks,flooring,product,width,foreign_key_or_junction_table,tbl2dV1l45FU8Rr6E
flooring,tblAnYCVTjv9FgJi5,Products,fldC2SrVYqvyORGEx,Sheet Size,multipleRecordLinks,flooring,product,sheet_size,foreign_key_or_junction_table,tblrZ180WZJtRvKzt
flooring,tblAnYCVTjv9FgJi5,Products,fldpCII16Y20d4Agb,Thickness,multipleRecordLinks,flooring,product,thickness,foreign_key_or_junction_table,tblPgp8LacyaiYkbu
flooring,tblAnYCVTjv9FgJi5,Products,fld6TITw5TauvTm7h,Unit Weight,multipleRecordLinks,flooring,product,unit_weight,foreign_key_or_junction_table,tbls3JauajglJU1WW
flooring,tblAnYCVTjv9FgJi5,Products,fldLkiCh4m09TBMNP,Public,checkbox,flooring,product,public,direct_or_type_cast,
flooring,tblAnYCVTjv9FgJi5,Products,fldDVQdhCilGLdmCn,Product Photo,multipleAttachments,flooring,product,product_photo,store_in_core_attachment_and_join,
flooring,tblAnYCVTjv9FgJi5,Products,fldnQURFzRINyhReC,Stock Unit,multipleLookupValues,flooring,product,stock_unit,join_lookup_not_persisted,
flooring,tblAnYCVTjv9FgJi5,Products,fldEJr7pKgsT6U2br,Darby Stock Level,formula,flooring,product,darby_stock_level,derive_in_view_or_service,
flooring,tblAnYCVTjv9FgJi5,Products,fldZ9GYTDBFKI1J9T,Darby Stats,formula,flooring,product,darby_stats,derive_in_view_or_service,
flooring,tblAnYCVTjv9FgJi5,Products,fld0p8S8YFH1S97Wy,Columbia Stats,formula,flooring,product,columbia_stats,derive_in_view_or_service,
flooring,tblAnYCVTjv9FgJi5,Products,fld93pJQtIcfTUePm,Reserved For Darby,formula,flooring,product,reserved_for_darby,derive_in_view_or_service,
flooring,tblAnYCVTjv9FgJi5,Products,fldl8xWLsKGrxDE5M,Darby Stock,formula,flooring,product,darby_stock,derive_in_view_or_service,
flooring,tblAnYCVTjv9FgJi5,Products,fldrd1G82TK6NCgxy,Darby Coverage,formula,flooring,product,darby_coverage,derive_in_view_or_service,
flooring,tblAnYCVTjv9FgJi5,Products,fldpW0HnWWGEb9WrS,Columbia Stock Level,formula,flooring,product,columbia_stock_level,derive_in_view_or_service,
flooring,tblAnYCVTjv9FgJi5,Products,fldoBseXPOrtBtcEs,Reserved For Columbia,formula,flooring,product,reserved_for_columbia,derive_in_view_or_service,
flooring,tblAnYCVTjv9FgJi5,Products,flda8ILZgJViK8qRw,Columbia Stock,formula,flooring,product,columbia_stock,derive_in_view_or_service,
flooring,tblAnYCVTjv9FgJi5,Products,fldxyJkseGoHPkiSj,Columbia Coverage,formula,flooring,product,columbia_coverage,derive_in_view_or_service,
flooring,tblAnYCVTjv9FgJi5,Products,fldu07BXvG9u5RByc,Darby Reserve Count,rollup,flooring,product,darby_reserve_count,aggregate_view_or_materialized_view,
flooring,tblAnYCVTjv9FgJi5,Products,fld2ANxN76gaOJlvn,Columbia Reserve Count,rollup,flooring,product,columbia_reserve_count,aggregate_view_or_materialized_view,
flooring,tblAnYCVTjv9FgJi5,Products,fldRmxlkndsWAWdi5,Work Order Items,multipleRecordLinks,flooring,product,work_order_items,foreign_key_or_junction_table,tblnryUMDVdMOlS4j
flooring,tblAnYCVTjv9FgJi5,Products,fldrwIjUP1As2Zbkv,Darby Total Stock,rollup,flooring,product,darby_total_stock,aggregate_view_or_materialized_view,
flooring,tblAnYCVTjv9FgJi5,Products,fldxP1QWC00sqkEUn,Darby Total Coverage,rollup,flooring,product,darby_total_coverage,aggregate_view_or_materialized_view,
flooring,tblAnYCVTjv9FgJi5,Products,fldfx2jHHHrO63oHQ,Columbia Total Stock,rollup,flooring,product,columbia_total_stock,aggregate_view_or_materialized_view,
flooring,tblAnYCVTjv9FgJi5,Products,fldcYZyp33ELfA9aI,Columbia Total Coverage,rollup,flooring,product,columbia_total_coverage,aggregate_view_or_materialized_view,
flooring,tblAnYCVTjv9FgJi5,Products,fldeu2RRK8qbu5H6O,Available Unit,multipleLookupValues,flooring,product,available_unit,join_lookup_not_persisted,
flooring,tblAnYCVTjv9FgJi5,Products,fldvf3DuHV8U6tt7N,Category Lookup,multipleLookupValues,flooring,product,category_lookup,join_lookup_not_persisted,
flooring,tblAnYCVTjv9FgJi5,Products,flddo8JNo3BzcSEDQ,Category Code,multipleLookupValues,flooring,product,category_code,join_lookup_not_persisted,
flooring,tblAnYCVTjv9FgJi5,Products,fldffvs326F6OhFNd,Link to Inventory,multipleRecordLinks,flooring,product,link_to_inventory,foreign_key_or_junction_table,tbl1MOTiINbzauJgI
flooring,tblAnYCVTjv9FgJi5,Products,fldpE33XVVVKFu9N9,Templates,multipleRecordLinks,flooring,product,templates,foreign_key_or_junction_table,tblXFEvDa0zDXxsXA
flooring,tblAnYCVTjv9FgJi5,Products,fld5UW8OsVM5uWLaa,Template Items,multipleRecordLinks,flooring,product,template_items,foreign_key_or_junction_table,tblP6kPtjv2G8yDp4
flooring,tblAnYCVTjv9FgJi5,Products,fldUu3nsrAmKZDTHq,Category Record ID,multipleLookupValues,flooring,product,category_record_id,join_lookup_not_persisted,
flooring,tblAnYCVTjv9FgJi5,Products,fldXBcOrCsQmNUvi6,Product Record ID,formula,flooring,product,product_record_id,derive_in_view_or_service,
flooring,tblAnYCVTjv9FgJi5,Products,fld7IeZF65QTYMX32,Created Time,createdTime,flooring,product,created_time,direct_or_type_cast,
flooring,tblAnYCVTjv9FgJi5,Products,fldtsUAIMellz9eRf,Notes,singleLineText,flooring,product,notes,direct_or_type_cast,
flooring,tblAnYCVTjv9FgJi5,Products,fldYTmN95Sr1GJS40,Sub Order,singleLineText,flooring,product,sub_order,direct_or_type_cast,
flooring,tblAnYCVTjv9FgJi5,Products,fldWo4a5LX18AFuEQ,Cost,currency,flooring,product,cost,direct_or_type_cast,
flooring,tblAnYCVTjv9FgJi5,Products,fldRlQ7s1AzbAwSKz,Unit,multipleLookupValues,flooring,product,unit,join_lookup_not_persisted,
flooring,tblAnYCVTjv9FgJi5,Products,fldb55eQHOLcZ6eRy,Coverage,formula,flooring,product,coverage,derive_in_view_or_service,
flooring,tblAnYCVTjv9FgJi5,Products,fldMX6gg3dGZxWDyJ,Price,formula,flooring,product,price,derive_in_view_or_service,
flooring,tblrUHnOrjmOWbWrk,Imports,fldHWK7m4zADREdcd,Delivery Tag,formula,flooring,import_batch,delivery_tag,derive_in_view_or_service,
flooring,tblrUHnOrjmOWbWrk,Imports,fldhXXDXoSPVIVzpv,Transport Type,singleSelect,flooring,import_batch,transport_type,direct_or_type_cast,
flooring,tblrUHnOrjmOWbWrk,Imports,fldsjVJcP3KcwnVQY,Import Status,singleSelect,flooring,import_batch,import_status,direct_or_type_cast,
flooring,tblrUHnOrjmOWbWrk,Imports,fldgLnRGA9s8Jpq7M,Import Tag,singleLineText,flooring,import_batch,import_tag,direct_or_type_cast,
flooring,tblrUHnOrjmOWbWrk,Imports,fld2HqUHkzRVR21oK,Import Warehouse,multipleRecordLinks,flooring,import_batch,import_warehouse,foreign_key_or_junction_table,tblbIfpiuk2diTv3n
flooring,tblrUHnOrjmOWbWrk,Imports,fldpjVXrBAK2xuEPu,Notes,singleLineText,flooring,import_batch,notes,direct_or_type_cast,
flooring,tblrUHnOrjmOWbWrk,Imports,fld6PQ9BUMdcIZjCY,Created Time,createdTime,flooring,import_batch,created_time,direct_or_type_cast,
flooring,tblrUHnOrjmOWbWrk,Imports,fldYlwofFvYkifM1j,Total Inventory Cost,rollup,flooring,import_batch,total_inventory_cost,aggregate_view_or_materialized_view,
flooring,tblrUHnOrjmOWbWrk,Imports,fld5xV0lPJGMKqcMm,Total Freight,rollup,flooring,import_batch,total_freight,aggregate_view_or_materialized_view,
flooring,tblrUHnOrjmOWbWrk,Imports,fldfyhnCBnRJYW19n,Files,multipleAttachments,flooring,import_batch,files,store_in_core_attachment_and_join,
flooring,tblrUHnOrjmOWbWrk,Imports,fld4nVZUUWTjAqere,Link to Inventory,multipleRecordLinks,flooring,import_batch,link_to_inventory,foreign_key_or_junction_table,tbl1MOTiINbzauJgI
flooring,tblrUHnOrjmOWbWrk,Imports,fldORmhoBZjDppqiy,Import Number,autoNumber,flooring,import_batch,import_number,direct_or_type_cast,
flooring,tbl1MOTiINbzauJgI,Inventory,fldIy3JelBtZrCatf,Product Name,formula,flooring,inventory_lot,product_name,derive_in_view_or_service,
flooring,tbl1MOTiINbzauJgI,Inventory,fldNtmzpP1s4LWeDw,Item Identifier,formula,flooring,inventory_lot,item_identifier,derive_in_view_or_service,
flooring,tbl1MOTiINbzauJgI,Inventory,fldFPjq8PxcYjWmFi,Unique Item ID,formula,flooring,inventory_lot,unique_item_id,derive_in_view_or_service,
flooring,tbl1MOTiINbzauJgI,Inventory,fld9wAwCM7wUdMwkP,Inventory Logs,multipleRecordLinks,flooring,inventory_lot,inventory_logs,foreign_key_or_junction_table,tbllcrLsXg5KvdQwK
flooring,tbl1MOTiINbzauJgI,Inventory,fldvRVMTxCtdiRP9b,Products,multipleRecordLinks,flooring,inventory_lot,products,foreign_key_or_junction_table,tblAnYCVTjv9FgJi5
flooring,tbl1MOTiINbzauJgI,Inventory,fld6OBvXgzFzCJ8X6,Stock Count,number,flooring,inventory_lot,stock_count,direct_or_type_cast,
flooring,tbl1MOTiINbzauJgI,Inventory,fldkzOksjSA5YMsGu,Stock Unit,multipleLookupValues,flooring,inventory_lot,stock_unit,join_lookup_not_persisted,
flooring,tbl1MOTiINbzauJgI,Inventory,fldDBBvC4ZFH3hG5G,Location,multipleRecordLinks,flooring,inventory_lot,location,foreign_key_or_junction_table,tblTOXPpQVOeIqQoD
flooring,tbl1MOTiINbzauJgI,Inventory,fld58wEFUnM8RtWN5,Item #,singleLineText,flooring,inventory_lot,item,direct_or_type_cast,
flooring,tbl1MOTiINbzauJgI,Inventory,fldDXhMTUNs44w3gp,Dye Lot,singleLineText,flooring,inventory_lot,dye_lot,direct_or_type_cast,
flooring,tbl1MOTiINbzauJgI,Inventory,fldRYUWzRs11zDoxU,Last Modified,lastModifiedTime,flooring,inventory_lot,last_modified,direct_or_type_cast,
flooring,tbl1MOTiINbzauJgI,Inventory,fld3B4c2IhwN9ENKc,Order Item Identifier,multipleRecordLinks,flooring,inventory_lot,order_item_identifier,foreign_key_or_junction_table,tblnryUMDVdMOlS4j
flooring,tbl1MOTiINbzauJgI,Inventory,fldkTwbh3ShJgNyjD,Order Item Identifier (2),multipleRecordLinks,flooring,inventory_lot,order_item_identifier_2,foreign_key_or_junction_table,tblnryUMDVdMOlS4j
flooring,tbl1MOTiINbzauJgI,Inventory,fldw7KXIg1hDLaM1p,Order Item Identifier (3),multipleRecordLinks,flooring,inventory_lot,order_item_identifier_3,foreign_key_or_junction_table,tblnryUMDVdMOlS4j
flooring,tbl1MOTiINbzauJgI,Inventory,fldD95Sctl16uepO5,Order Item Order Formula,multipleLookupValues,flooring,inventory_lot,order_item_order_formula,join_lookup_not_persisted,
flooring,tbl1MOTiINbzauJgI,Inventory,fldeEoy8HWHrEMzuC,Order Item Order Formula (2),multipleLookupValues,flooring,inventory_lot,order_item_order_formula_2,join_lookup_not_persisted,
flooring,tbl1MOTiINbzauJgI,Inventory,fldVjSIYcMyd8lu1C,Order Item Order Formula (3),multipleLookupValues,flooring,inventory_lot,order_item_order_formula_3,join_lookup_not_persisted,
flooring,tbl1MOTiINbzauJgI,Inventory,fldnGpxsZJoADTXp4,Link To Work Order,formula,flooring,inventory_lot,link_to_work_order,derive_in_view_or_service,
flooring,tbl1MOTiINbzauJgI,Inventory,fld0y2ySIiGoT7vJA,Coverage / Unit,formula,flooring,inventory_lot,coverage_unit,derive_in_view_or_service,
flooring,tbl1MOTiINbzauJgI,Inventory,fld2rYBvvSwjSqPoR,Coverage Per Unit,formula,flooring,inventory_lot,coverage_per_unit,derive_in_view_or_service,
flooring,tbl1MOTiINbzauJgI,Inventory,fldTbGgFLE8Vfc3dm,Total Coverage,formula,flooring,inventory_lot,total_coverage,derive_in_view_or_service,
flooring,tbl1MOTiINbzauJgI,Inventory,fldqAPZIstknYPubF,Category,multipleLookupValues,flooring,inventory_lot,category,join_lookup_not_persisted,
flooring,tbl1MOTiINbzauJgI,Inventory,fldIqvsoPmr6Jbrni,Cost,currency,flooring,inventory_lot,cost,direct_or_type_cast,
flooring,tbl1MOTiINbzauJgI,Inventory,fldhGeYfNRZswUkol,Freight,currency,flooring,inventory_lot,freight,direct_or_type_cast,
flooring,tbl1MOTiINbzauJgI,Inventory,fldewjoNoovGbDG08,Warehouse,multipleRecordLinks,flooring,inventory_lot,warehouse,foreign_key_or_junction_table,tblbIfpiuk2diTv3n
flooring,tbl1MOTiINbzauJgI,Inventory,fldIgiu8HvXqLuG2e,Imports,multipleRecordLinks,flooring,inventory_lot,imports,foreign_key_or_junction_table,tblrUHnOrjmOWbWrk
flooring,tbl1MOTiINbzauJgI,Inventory,fldV2uVZwZAj9Fdwa,Import Status,multipleLookupValues,flooring,inventory_lot,import_status,join_lookup_not_persisted,
flooring,tbl1MOTiINbzauJgI,Inventory,fldGZdA7u6vLJtEjn,Inventory Record ID,formula,flooring,inventory_lot,inventory_record_id,derive_in_view_or_service,
flooring,tbl1MOTiINbzauJgI,Inventory,fldQKXNR5Cju1jtE5,Item,formula,flooring,inventory_lot,item,derive_in_view_or_service,
flooring,tbl1MOTiINbzauJgI,Inventory,fldd3a9vVJ2lREHF9,Width,multipleLookupValues,flooring,inventory_lot,width,join_lookup_not_persisted,
flooring,tbl1MOTiINbzauJgI,Inventory,fldKPE771TXCR0em4,Coverage Per Unit LOOKUP,multipleLookupValues,flooring,inventory_lot,coverage_per_unit_lookup,join_lookup_not_persisted,
flooring,tbl1MOTiINbzauJgI,Inventory,fldcvPmjyX5OV7A1W,Coverage Unit,multipleLookupValues,flooring,inventory_lot,coverage_unit,join_lookup_not_persisted,
flooring,tbl1MOTiINbzauJgI,Inventory,fldVr25p96MJg9VOQ,Coverage Available,formula,flooring,inventory_lot,coverage_available,derive_in_view_or_service,
flooring,tbl1MOTiINbzauJgI,Inventory,fldsZsO1jzOXW5vDf,Available Unit,multipleLookupValues,flooring,inventory_lot,available_unit,join_lookup_not_persisted,
flooring,tbl1MOTiINbzauJgI,Inventory,fldjSayz9i3waE38M,Darby Stock Count,formula,flooring,inventory_lot,darby_stock_count,derive_in_view_or_service,
flooring,tbl1MOTiINbzauJgI,Inventory,fldueX3nScfgBVZg8,Darby Total Coverage,formula,flooring,inventory_lot,darby_total_coverage,derive_in_view_or_service,
flooring,tbl1MOTiINbzauJgI,Inventory,fldDDWQvn0MAJJf71,Columbia Total Coverage,formula,flooring,inventory_lot,columbia_total_coverage,derive_in_view_or_service,
flooring,tbl1MOTiINbzauJgI,Inventory,fldOStVnzCnc6Z6k6,Columbia Stock Count,formula,flooring,inventory_lot,columbia_stock_count,derive_in_view_or_service,
flooring,tbl1MOTiINbzauJgI,Inventory,fldRzgqBQHKXCAjFv,Category Record ID,multipleLookupValues,flooring,inventory_lot,category_record_id,join_lookup_not_persisted,
flooring,tbl1MOTiINbzauJgI,Inventory,fldFw8REMQjp1uQUy,Category Formula,formula,flooring,inventory_lot,category_formula,derive_in_view_or_service,
flooring,tbl1MOTiINbzauJgI,Inventory,fldTdMN3BS7pcaT0O,Manufacturer,multipleLookupValues,flooring,inventory_lot,manufacturer,join_lookup_not_persisted,
flooring,tbl1MOTiINbzauJgI,Inventory,fldlPLy61pGVbHoxT,Style,multipleLookupValues,flooring,inventory_lot,style,join_lookup_not_persisted,
flooring,tbl1MOTiINbzauJgI,Inventory,fld5WudBifct5DH1D,Color,multipleLookupValues,flooring,inventory_lot,color,join_lookup_not_persisted,
flooring,tbl1MOTiINbzauJgI,Inventory,fldeuVMnN2jwgdUzv,Sheet Size,multipleLookupValues,flooring,inventory_lot,sheet_size,join_lookup_not_persisted,
flooring,tbl1MOTiINbzauJgI,Inventory,fldFsMdRx0FCSHg7k,Thickness,multipleLookupValues,flooring,inventory_lot,thickness,join_lookup_not_persisted,
flooring,tbl1MOTiINbzauJgI,Inventory,fldyXBzTG8JwtvoiI,Unit Weight,multipleLookupValues,flooring,inventory_lot,unit_weight,join_lookup_not_persisted,
flooring,tbl1MOTiINbzauJgI,Inventory,fld3JXeICTmMXy2hR,Warehouse Formula,formula,flooring,inventory_lot,warehouse_formula,derive_in_view_or_service,
flooring,tbl1MOTiINbzauJgI,Inventory,fld91FoiVCyCwB6XY,Section,multipleLookupValues,flooring,inventory_lot,section,join_lookup_not_persisted,
flooring,tbl1MOTiINbzauJgI,Inventory,fld1GFu1vY3QPLZ6R,Location Lookup,multipleLookupValues,flooring,inventory_lot,location_lookup,join_lookup_not_persisted,
flooring,tbl1MOTiINbzauJgI,Inventory,fldrcYEyXRWFtJpE0,Stock,formula,flooring,inventory_lot,stock,derive_in_view_or_service,
flooring,tbl1MOTiINbzauJgI,Inventory,fldnxKu4hsJA4liHw,Import Count,number,flooring,inventory_lot,import_count,direct_or_type_cast,
flooring,tbl1MOTiINbzauJgI,Inventory,fldzORGEzcdQhQ0Ps,Import Unit,multipleRecordLinks,flooring,inventory_lot,import_unit,foreign_key_or_junction_table,tblJFRI6qt9Cx6r6C
flooring,tbl1MOTiINbzauJgI,Inventory,fldSFlEQ3wwsEoWDt,Product Photo,multipleLookupValues,flooring,inventory_lot,product_photo,join_lookup_not_persisted,
flooring,tbl1MOTiINbzauJgI,Inventory,fldVX3rPlvAhzK3WY,Created Time,createdTime,flooring,inventory_lot,created_time,direct_or_type_cast,
flooring,tbl1MOTiINbzauJgI,Inventory,flddf43lZREmA6Y7P,Product Record ID,multipleLookupValues,flooring,inventory_lot,product_record_id,join_lookup_not_persisted,
flooring,tbl3DhaeYlsMl98D8,Manufacturers,fld4N5Qnv8L1l384F,Manufacturer,singleLineText,flooring,manufacturer,manufacturer,direct_or_type_cast,
flooring,tbl3DhaeYlsMl98D8,Manufacturers,fldGx9v0Ips3KR5dp,Agent Name,singleLineText,flooring,manufacturer,agent_name,direct_or_type_cast,
flooring,tbl3DhaeYlsMl98D8,Manufacturers,fldIdRgOO5D92od57,Website,url,flooring,manufacturer,website,direct_or_type_cast,
flooring,tbl3DhaeYlsMl98D8,Manufacturers,fldShr6CgyZgRaeuj,Agent Phone,phoneNumber,flooring,manufacturer,agent_phone,direct_or_type_cast,
flooring,tbl3DhaeYlsMl98D8,Manufacturers,fldYv3ydaD5PEP0Sz,Agent Email,email,flooring,manufacturer,agent_email,direct_or_type_cast,
flooring,tbl3DhaeYlsMl98D8,Manufacturers,fld5JWN47I0J3BK7i,Test,checkbox,flooring,manufacturer,test,direct_or_type_cast,
flooring,tbl3DhaeYlsMl98D8,Manufacturers,fld9dTIjyi6blvLtu,Calculation,formula,flooring,manufacturer,calculation,derive_in_view_or_service,
flooring,tbl3DhaeYlsMl98D8,Manufacturers,fldU1v9RLOdSbJ7wy,Category,multipleRecordLinks,flooring,manufacturer,category,foreign_key_or_junction_table,tblbTx2VLWCSpVrF6
flooring,tbl3DhaeYlsMl98D8,Manufacturers,fldTMrwz9egRJnf2B,Products,multipleRecordLinks,flooring,manufacturer,products,foreign_key_or_junction_table,tblAnYCVTjv9FgJi5
flooring,tbl3DhaeYlsMl98D8,Manufacturers,fld2zjRx26NGEAmFb,Styles,multipleRecordLinks,flooring,manufacturer,styles,foreign_key_or_junction_table,tblOsEZeXqMyeClNl
flooring,tblOsEZeXqMyeClNl,Styles,fld1QLSPkm2h4BZMU,Style Name,singleLineText,flooring,style,style_name,direct_or_type_cast,
flooring,tblOsEZeXqMyeClNl,Styles,fldNvoNsmisDJzhlc,Manufacturers,multipleRecordLinks,flooring,style,manufacturers,foreign_key_or_junction_table,tbl3DhaeYlsMl98D8
flooring,tblOsEZeXqMyeClNl,Styles,fldeVXOek248UGy88,Category,multipleRecordLinks,flooring,style,category,foreign_key_or_junction_table,tblbTx2VLWCSpVrF6
flooring,tblOsEZeXqMyeClNl,Styles,fldIZnVClltyBJyRW,Products,multipleRecordLinks,flooring,style,products,foreign_key_or_junction_table,tblAnYCVTjv9FgJi5
flooring,tblOsEZeXqMyeClNl,Styles,flddblf7qT9fKuaY7,Created Time,createdTime,flooring,style,created_time,direct_or_type_cast,
flooring,tblZTlYg3IwMIRnXu,Colors,fldkOa2yU58l7ADjL,Color Name,singleLineText,flooring,product,color_name,direct_or_type_cast,
flooring,tblZTlYg3IwMIRnXu,Colors,fldmBvFk6iK8n5GAX,Products,multipleRecordLinks,flooring,product,products,foreign_key_or_junction_table,tblAnYCVTjv9FgJi5
flooring,tbl2dV1l45FU8Rr6E,Widths,fldRvVFczhMIJLeLZ,Width,singleLineText,flooring,product,width,direct_or_type_cast,
flooring,tbl2dV1l45FU8Rr6E,Widths,fldovcGk1lsqKKnbV,Category,multipleRecordLinks,flooring,product,category,foreign_key_or_junction_table,tblbTx2VLWCSpVrF6
flooring,tbl2dV1l45FU8Rr6E,Widths,fld8KtZ1I0zhAwcTu,Products,multipleRecordLinks,flooring,product,products,foreign_key_or_junction_table,tblAnYCVTjv9FgJi5
flooring,tblrZ180WZJtRvKzt,Sheet Size,fldqopH7r4D0eUxcM,Sheet Size,singleLineText,flooring,product,sheet_size,direct_or_type_cast,
flooring,tblrZ180WZJtRvKzt,Sheet Size,fldrG1CaPcA6EVcPT,Category,multipleRecordLinks,flooring,product,category,foreign_key_or_junction_table,tblbTx2VLWCSpVrF6
flooring,tblrZ180WZJtRvKzt,Sheet Size,fldxHBiy2Enj1eICn,Products,multipleRecordLinks,flooring,product,products,foreign_key_or_junction_table,tblAnYCVTjv9FgJi5
flooring,tblPgp8LacyaiYkbu,Thicknesses,fldWUx1owmnxJhir3,Thickness,singleLineText,flooring,product,thickness,direct_or_type_cast,
flooring,tblPgp8LacyaiYkbu,Thicknesses,fld092mYShSeBBmzp,Category,multipleRecordLinks,flooring,product,category,foreign_key_or_junction_table,tblbTx2VLWCSpVrF6
flooring,tblPgp8LacyaiYkbu,Thicknesses,fldiakffsJfdSefqK,Products,multipleRecordLinks,flooring,product,products,foreign_key_or_junction_table,tblAnYCVTjv9FgJi5
flooring,tbls3JauajglJU1WW,Unit Weight,fldweivhYWxOmFAOW,Unit Weight,singleLineText,flooring,product,unit_weight,direct_or_type_cast,
flooring,tbls3JauajglJU1WW,Unit Weight,fldjPkOIicYtmGmt6,Category,multipleRecordLinks,flooring,product,category,foreign_key_or_junction_table,tblbTx2VLWCSpVrF6
flooring,tbls3JauajglJU1WW,Unit Weight,fld5bgDZGpAMN7aik,Products,multipleRecordLinks,flooring,product,products,foreign_key_or_junction_table,tblAnYCVTjv9FgJi5
flooring,tbllcrLsXg5KvdQwK,Inventory Logs,fldEcyPgPcZvxkWSZ,Cut,number,flooring,inventory_log,cut,direct_or_type_cast,
flooring,tbllcrLsXg5KvdQwK,Inventory Logs,fldgielb4w0OGkNTG,Before,number,flooring,inventory_log,before,direct_or_type_cast,
flooring,tbllcrLsXg5KvdQwK,Inventory Logs,flddlkBfJURCFc9Bs,After,number,flooring,inventory_log,after,direct_or_type_cast,
flooring,tbllcrLsXg5KvdQwK,Inventory Logs,fldIVKhtIWffFkDQ6,Stock Unit,multipleLookupValues,flooring,inventory_log,stock_unit,join_lookup_not_persisted,
flooring,tbllcrLsXg5KvdQwK,Inventory Logs,fldzrthj6WYkN5NQZ,Work Orders,multipleRecordLinks,flooring,inventory_log,work_orders,foreign_key_or_junction_table,tblX45JvoWzD7UVqi
flooring,tbllcrLsXg5KvdQwK,Inventory Logs,fldyzyv9qKxLc3RPW,Inventory Item,multipleRecordLinks,flooring,inventory_log,inventory_item,foreign_key_or_junction_table,tbl1MOTiINbzauJgI
flooring,tbllcrLsXg5KvdQwK,Inventory Logs,fld9ym85tzkShV6rt,Logs,formula,flooring,inventory_log,logs,derive_in_view_or_service,
flooring,tbllcrLsXg5KvdQwK,Inventory Logs,fldmA584SdkbfK5ta,Logs copy,formula,flooring,inventory_log,logs_copy,derive_in_view_or_service,
flooring,tbllcrLsXg5KvdQwK,Inventory Logs,fldR5dCSLesUD9XaG,Created Time,createdTime,flooring,inventory_log,created_time,direct_or_type_cast,
flooring,tbllcrLsXg5KvdQwK,Inventory Logs,fld3mX4otLoehBeXc,Last Modified,lastModifiedTime,flooring,inventory_log,last_modified,direct_or_type_cast,
flooring,tbllcrLsXg5KvdQwK,Inventory Logs,fldvUCw56HZ801utU,Waste,singleLineText,flooring,inventory_log,waste,direct_or_type_cast,
flooring,tbllcrLsXg5KvdQwK,Inventory Logs,fldUA8AaBwbp45CLW,Waste Amount,number,flooring,inventory_log,waste_amount,direct_or_type_cast,
flooring,tblbIfpiuk2diTv3n,Warehouse Info,fld4HZw9eHZfwmtLl,Warehouse,singleLineText,flooring,warehouse,warehouse,direct_or_type_cast,
flooring,tblbIfpiuk2diTv3n,Warehouse Info,fldoq7OCLzZ2U7tGx,Address,multilineText,flooring,warehouse,address,direct_or_type_cast,
flooring,tblbIfpiuk2diTv3n,Warehouse Info,flde1Uqdt6xWYCXxu,Store Phone,phoneNumber,flooring,warehouse,store_phone,direct_or_type_cast,
flooring,tblbIfpiuk2diTv3n,Warehouse Info,fldVsS52GrSHor6Dd,Imports,multipleRecordLinks,flooring,warehouse,imports,foreign_key_or_junction_table,tblrUHnOrjmOWbWrk
flooring,tblbIfpiuk2diTv3n,Warehouse Info,fldrjrwofAXBfZh67,Sections,multipleRecordLinks,flooring,warehouse,sections,foreign_key_or_junction_table,tblGihOjsJNOPOCe2
flooring,tblbIfpiuk2diTv3n,Warehouse Info,fldCJM2Gk6v3oq7pe,Locations,multipleRecordLinks,flooring,warehouse,locations,foreign_key_or_junction_table,tblTOXPpQVOeIqQoD
flooring,tblbIfpiuk2diTv3n,Warehouse Info,fld48qEUfCyCpwFve,Record Id,formula,flooring,warehouse,record_id,derive_in_view_or_service,
flooring,tblbIfpiuk2diTv3n,Warehouse Info,fldmkiHe3nCZnpoNz,Inventory,multipleRecordLinks,flooring,warehouse,inventory,foreign_key_or_junction_table,tbl1MOTiINbzauJgI
flooring,tblbIfpiuk2diTv3n,Warehouse Info,fldoKVsXDnAbwWoSC,Work Orders,multipleRecordLinks,flooring,warehouse,work_orders,foreign_key_or_junction_table,tblX45JvoWzD7UVqi
flooring,tblTOXPpQVOeIqQoD,Locations,fldgzDAIvm8cHXdAk,Location,formula,flooring,location,location,derive_in_view_or_service,
flooring,tblTOXPpQVOeIqQoD,Locations,fldXvRV2gfL1o9YTk,Section,multipleRecordLinks,flooring,location,section,foreign_key_or_junction_table,tblGihOjsJNOPOCe2
flooring,tblTOXPpQVOeIqQoD,Locations,fldRHlrsuEPCErSsp,Warehouse,multipleRecordLinks,flooring,location,warehouse,foreign_key_or_junction_table,tblbIfpiuk2diTv3n
flooring,tblTOXPpQVOeIqQoD,Locations,fldSWuNuWHjw1i8Xc,Inventory,multipleRecordLinks,flooring,location,inventory,foreign_key_or_junction_table,tbl1MOTiINbzauJgI
flooring,tblTOXPpQVOeIqQoD,Locations,fldClqEqfvjce5hNN,Record ID,formula,flooring,location,record_id,derive_in_view_or_service,
flooring,tblTOXPpQVOeIqQoD,Locations,fldFQkLVgnBD3a03b,Locations,singleLineText,flooring,location,locations,direct_or_type_cast,
flooring,tblGihOjsJNOPOCe2,Sections,fld4VdKCHyNkWHkUb,Section,singleLineText,flooring,section,section,direct_or_type_cast,
flooring,tblGihOjsJNOPOCe2,Sections,fldPO4BN0AtgWzlUW,Warehouse,multipleRecordLinks,flooring,section,warehouse,foreign_key_or_junction_table,tblbIfpiuk2diTv3n
flooring,tblGihOjsJNOPOCe2,Sections,fld4P2ljZggk1U7Sw,Locations,multipleRecordLinks,flooring,section,locations,foreign_key_or_junction_table,tblTOXPpQVOeIqQoD
flooring,tblGihOjsJNOPOCe2,Sections,fldeNxCK74U7ZWoGL,Inventory,multipleLookupValues,flooring,section,inventory,join_lookup_not_persisted,
flooring,tblJFRI6qt9Cx6r6C,Unit Links,fldgZ2wx9k7k4B9TM,Unit,singleLineText,flooring,inventory_lot,unit,direct_or_type_cast,
flooring,tblJFRI6qt9Cx6r6C,Unit Links,fld073HwujqnGRHAF,Inventory,multipleRecordLinks,flooring,inventory_lot,inventory,foreign_key_or_junction_table,tbl1MOTiINbzauJgI
